Workbook

Sheet 대시보드
A1: BookQuest 100명 베타 12주 비용 산정 — 대시보드
A2: (파란 숫자 = 수정 가능 / 검정 = 수식 / 초록 = 다른 시트 참조)
A4: 📌 핵심 가정
A5: 베타 테스터 수 (명) | B5: 100
A6: 베타 기간 (주) | B6: 12
A7: 활성 유저 비율 (실제 쓰는 사람) | B7: 0.7
A8: 주당 활성 유저 1인 세션 수 | B8: 3
A9: 활성 유저 수 (계산) | B9: =B5*B7 -> 70
A11: 💰 시나리오별 12주 총 비용 비교 (USD)
A12: 항목 | B12: Sonnet 4.5 (고품질) | C12: Haiku 4.5 (저렴) | D12: Mixed (권장)
A13: AI API (Claude) | B13: =시나리오!B23 -> 87.318 | C13: =시나리오!C23 -> 29.106 | D13: =시나리오!D23 -> 47.166
A14: TTS (Google) | B14: =시나리오!B24 -> 34.272 | C14: =시나리오!C24 -> 34.272 | D14: =시나리오!D24 -> 34.272
A15: Firebase (Functions+Firestore) | B15: =시나리오!B25 -> 0 | C15: =시나리오!C25 -> 0 | D15: =시나리오!D25 -> 0
A16: 기타 (예비비 10%) | B16: =시나리오!B26 -> 12.159 | C16: =시나리오!C26 -> 6.3378 | D16: =시나리오!D26 -> 8.1438
A17: 합계 (12주) | B17: =SUM(B13:B16) -> 133.749 | C17: =SUM(C13:C16) -> 69.7158 | D17: =SUM(D13:D16) -> 89.5818
A18: 활성 유저 1인당 월 비용 | B18: =B17/3/대시보드!B9 -> 0.6369 | C18: =C17/3/대시보드!B9 -> 0.33198 | D18: =D17/3/대시보드!B9 -> 0.42658
A19: 합계 (KRW, 1350원/$ 기준) | B19: =B17*1350 -> 180561.15 | C19: =C17*1350 -> 94116.33 | D19: =D17*1350 -> 120935.43
A21: ✅ 권장 사항
A22: 1. Mixed 시나리오를 기본으로 권장: askBook(긴 문맥, Q&A 품질 중요)만 Sonnet, discussionCoach/recommendBooks는 Haiku로
A23: 2. 현재 모델이 어떤지 먼저 Cloud Functions 코드에서 확인 필요 (Sonnet이면 Haiku로 바꿀 여지 큼)
A24: 3. TTS 비용이 의외로 큼 → Google Standard voice(WaveNet 1/4가격) 또는 브라우저 내장 TTS 폴백 활용
A25: 4. Firebase 무료 티어만으로 Functions/Firestore는 100명 베타 충분히 커버 (초과 시 Blaze 요금제)
A26: 5. 베타 마지막 2주는 활성도가 떨어지는 경향 → 실제 비용은 이보다 10~20% 낮을 가능성
A27: 6. 이 모델은 '보통 사용' 가정. 하드코어 유저가 많으면 민감도 시트에서 ±50% 시나리오 참고

Sheet 가정
A1: 가정 (파란 숫자만 수정하세요)
A3: 💵 모델별 가격 (USD per 1M tokens)
A4: 모델 | B4: 입력 ($/MTok) | C4: 출력 ($/MTok) | E4: 비고
A5: Claude Sonnet 4.5 | B5: 3 | C5: 15 | E5: 균형형·토론/Q&A 고품질
A6: Claude Haiku 4.5 | B6: 1 | C6: 5 | E6: 저렴·간단한 피드백용
A7: Claude Opus 4 | B7: 15 | C7: 75 | E7: 최고품질·비용 5배
A10: 🔊 Google TTS 가격 (USD per 1M characters)
A11: Standard voice | B11: 4 | E11: 저가·기본 음성
A12: WaveNet/Neural voice | B12: 16 | E12: 자연스러운 음성·현재 앱 기본값 추정
A14: 🧮 AI 기능별 1회 호출 평균 토큰 추정
A15: 기능 | B15: 입력 tok | C15: 출력 tok | D15: 응답 글자수(TTS용) | E15: 설명
A16: discussionCoach (토론 피드백) | B16: 650 | C16: 150 | D16: 120 | E16: 시스템+책요약+토픽+유저답 → 피드백 한 단락
A17: askBook (책 Q&A / 아바타 대화) | B17: 1150 | C17: 200 | D17: 150 | E17: 시스템+책데이터+최근 6턴+질문 → 2~3문장
A18: recommendBooks (책 추천) | B18: 400 | C18: 500 | D18: 0 | E18: 읽은 책 리스트 → 3~5권 JSON 추천 (TTS 안 씀)
A20: 📞 활성 유저 1인당 12주 총 호출 횟수 추정
A21: 기능 | B21: 주당 호출 | C21: 12주 총 | D21: 비고
A22: discussionCoach | B22: 15 | C22: =B22*대시보드!B6 -> 180 | D22: 주 5개 토론 × 3답변 = 15 (isFirstAnswer만이 아닌 매 답변마다 호출됨)
A23: askBook | B23: 5 | C23: =B23*대시보드!B6 -> 60 | D23: 책 읽으며 궁금한 점 + 아바타 대화
A24: recommendBooks | B24: 1 | C24: =B24*대시보드!B6 -> 12 | D24: 주 1회 추천화면 열람
A26: 🔥 Firebase 가격 (Blaze 요금제, 무료 티어 초과분만 과금)
A27: Cloud Functions invocations (무료: 월 2M) | B27: 월당 1M당 $0.40 | C27: 0.4 | E27: 베타 100명·월 20만 호출 → 무료 티어 내
A28: Cloud Functions GB-seconds (무료: 월 400K) | B28: 100K당 $0.0000025 | C28: 2.5e-06 | E28: 대부분 무료
A29: Firestore 쓰기 (무료: 일 20K) | B29: 100K당 $0.18 | C29: 0.18 | E29: 100명 × 일 60 쓰기 = 6K/일 → 무료 내
A30: Firestore 읽기 (무료: 일 50K) | B30: 100K당 $0.06 | C30: 0.06 | E30: 무료 내
A31: Firestore 저장 (무료: 1GB) | B31: GB당 $0.18 | C31: 0.18 | E31: 유저당 30KB × 100 = 3MB → 무료 내
A32: Hosting 대역폭 (GitHub Pages 쓰면 무료) | B32: - | C32: 0 | E32: index.html 1회 로드 = 약 4MB (이미지 포함)

Sheet 호출량
A1: 기능별 총 호출량 · 토큰 집계 (100명 활성 유저 × 12주)
A3: AI 기능별 전체 호출량
A4: 기능 | B4: 1인 총 호출 | C4: 전체 호출 | D4: 전체 입력 tok | E4: 전체 출력 tok | F4: TTS 총 글자수
A5: discussionCoach | B5: =가정!C22 -> 180 | C5: =B5*대시보드!B9 -> 12600 | D5: =C5*가정!B16 -> 8190000 | E5: =C5*가정!C16 -> 1890000 | F5: =C5*가정!D16 -> 1512000
A6: askBook | B6: =가정!C23 -> 60 | C6: =B6*대시보드!B9 -> 4200 | D6: =C6*가정!B17 -> 4830000 | E6: =C6*가정!C17 -> 840000 | F6: =C6*가정!D17 -> 630000
A7: recommendBooks | B7: =가정!C24 -> 12 | C7: =B7*대시보드!B9 -> 840 | D7: =C7*가정!B18 -> 336000 | E7: =C7*가정!C18 -> 420000 | F7: =C7*가정!D18 -> 0
A8: 합계 | C8: =SUM(C5:C7) -> 17640 | D8: =SUM(D5:D7) -> 13356000 | E8: =SUM(E5:E7) -> 3150000 | F8: =SUM(F5:F7) -> 2142000
A11: Firestore 액션량 (12주 전체)
A12: Firestore 쓰기 | B12: 유저당 주 60회 × 12주 × 활성유저 | C12: =60*대시보드!B6*대시보드!B9 -> 50400
A13: Firestore 읽기 | B13: 유저당 주 5회 × 12주 × 활성유저 | C13: =5*대시보드!B6*대시보드!B9 -> 4200
A14: Firestore 저장량 (MB) | B14: 유저당 30KB × 활성유저 | C14: =30*대시보드!B9/1024 -> 2.0507812
A15: Cloud Functions 호출 (AI 3종 + TTS) | B15: AI호출 + TTS호출 | C15: =C5+C6+C7+C14 -> 17642.051
A17: TTS 총 글자수 요약
A18: AI 응답 TTS 전체 글자수 | C18: =F8 -> 2142000

Sheet 시나리오
A1: 시나리오별 비용 계산 (USD, 12주 총액)
A3: 항목 | B3: A: Sonnet 4.5 | C3: B: Haiku 4.5 | D3: C: Mixed (권장) | E3: 계산 방식
A4: AI 모델 비용
A5: discussionCoach 입력 | B5: =호출량!D5/1000000*가정!B5 -> 24.57 | C5: =호출량!D5/1000000*가정!B6 -> 8.19 | D5: =호출량!D5/1000000*가정!B6 -> 8.19 | E5: 호출량!D5 × 단가/1M — Mixed는 Haiku
A6: discussionCoach 출력 | B6: =호출량!E5/1000000*가정!C5 -> 28.35 | C6: =호출량!E5/1000000*가정!C6 -> 9.45 | D6: =호출량!E5/1000000*가정!C6 -> 9.45 | E6: 호출량!E5 × 단가/1M
A7: askBook 입력 | B7: =호출량!D6/1000000*가정!B5 -> 14.49 | C7: =호출량!D6/1000000*가정!B6 -> 4.83 | D7: =호출량!D6/1000000*가정!B5 -> 14.49 | E7: Mixed: askBook만 Sonnet — 긴 문맥·Q&A 품질 중요
A8: askBook 출력 | B8: =호출량!E6/1000000*가정!C5 -> 12.6 | C8: =호출량!E6/1000000*가정!C6 -> 4.2 | D8: =호출량!E6/1000000*가정!C5 -> 12.6
A9: recommendBooks 입력 | B9: =호출량!D7/1000000*가정!B5 -> 1.008 | C9: =호출량!D7/1000000*가정!B6 -> 0.336 | D9: =호출량!D7/1000000*가정!B6 -> 0.336
A10: recommendBooks 출력 | B10: =호출량!E7/1000000*가정!C5 -> 6.3 | C10: =호출량!E7/1000000*가정!C6 -> 2.1 | D10: =호출량!E7/1000000*가정!C6 -> 2.1
A11: AI 합계 | B11: =SUM(B5:B10) -> 87.318 | C11: =SUM(C5:C10) -> 29.106 | D11: =SUM(D5:D10) -> 47.166
A13: TTS 비용
A14: Google WaveNet (기본 추정) | B14: =호출량!C18/1000000*가정!B12 -> 34.272 | C14: =호출량!C18/1000000*가정!B12 -> 34.272 | D14: =호출량!C18/1000000*가정!B12 -> 34.272 | E14: 글자수 × 단가/1M — 시나리오 상관없이 동일
A16: Firebase 비용
A17: Cloud Functions 호출 (초과분) | B17: =MAX(호출량!C15/3-2000000,0)*3/1000000*가정!C27 -> 0 | C17: =MAX(호출량!C15/3-2000000,0)*3/1000000*가정!C27 -> 0 | D17: =MAX(호출량!C15/3-2000000,0)*3/1000000*가정!C27 -> 0 | E17: 무료 월 2M 초과분만 과금 / 100명 베타는 대부분 무료 내
A18: Firestore 쓰기 (초과분) | B18: =MAX(호출량!C12/(대시보드!B6*7)-20000,0)*대시보드!B6*7/100000*가정!C29 -> 0 | C18: =MAX(호출량!C12/(대시보드!B6*7)-20000,0)*대시보드!B6*7/100000*가정!C29 -> 0 | D18: =MAX(호출량!C12/(대시보드!B6*7)-20000,0)*대시보드!B6*7/100000*가정!C29 -> 0 | E18: 일 20K 초과분만 과금 / 100명 베타는 무료 내
A19: Firestore 읽기 (초과분) | B19: =MAX(호출량!C13/(대시보드!B6*7)-50000,0)*대시보드!B6*7/100000*가정!C30 -> 0 | C19: =MAX(호출량!C13/(대시보드!B6*7)-50000,0)*대시보드!B6*7/100000*가정!C30 -> 0 | D19: =MAX(호출량!C13/(대시보드!B6*7)-50000,0)*대시보드!B6*7/100000*가정!C30 -> 0
A20: Firestore 저장 (초과분) | B20: =MAX(호출량!C14-1024,0)/1024*가정!C31 -> 0 | C20: =MAX(호출량!C14-1024,0)/1024*가정!C31 -> 0 | D20: =MAX(호출량!C14-1024,0)/1024*가정!C31 -> 0
A21: Firebase 합계 | B21: =SUM(B17:B20) -> 0 | C21: =SUM(C17:C20) -> 0 | D21: =SUM(D17:D20) -> 0
A22: 대시보드 집계용 | B22: Sonnet | C22: Haiku | D22: Mixed | E22: 비고
A23: AI API 합계 | B23: =B11 -> 87.318 | C23: =C11 -> 29.106 | D23: =D11 -> 47.166
A24: TTS 합계 | B24: =B14 -> 34.272 | C24: =C14 -> 34.272 | D24: =D14 -> 34.272
A25: Firebase 합계 | B25: =B21 -> 0 | C25: =C21 -> 0 | D25: =D21 -> 0
A26: 예비비 (AI+TTS+FB의 10%) | B26: =SUM(B23:B25)*0.1 -> 12.159 | C26: =SUM(C23:C25)*0.1 -> 6.3378 | D26: =SUM(D23:D25)*0.1 -> 8.1438

Sheet 민감도
A1: 민감도 분석 — 활성 유저 비율에 따른 12주 총 비용 (Mixed 시나리오)
A3: 활성 유저 비율 | B3: 0.3 | C3: 0.5 | D3: 0.7 | E3: 0.9 | F3: 1
A4: Mixed 총 비용 (스케일링) | B4: =SUM(시나리오!D23:D26)*(B3/대시보드!B7) -> 38.3922 | C4: =SUM(시나리오!D23:D26)*(C3/대시보드!B7) -> 63.987 | D4: =SUM(시나리오!D23:D26)*(D3/대시보드!B7) -> 89.5818 | E4: =SUM(시나리오!D23:D26)*(E3/대시보드!B7) -> 115.1766 | F4: =SUM(시나리오!D23:D26)*(F3/대시보드!B7) -> 127.974
A5: 활성 1인당 월 비용 | B5: =B4/3/(대시보드!B5*B3) -> 0.42658 | C5: =C4/3/(대시보드!B5*C3) -> 0.42658 | D5: =D4/3/(대시보드!B5*D3) -> 0.42658 | E5: =E4/3/(대시보드!B5*E3) -> 0.42658 | F5: =F4/3/(대시보드!B5*F3) -> 0.42658
A6: 총 비용 KRW (1350원) | B6: =B4*1350 -> 51829.47 | C6: =C4*1350 -> 86382.45 | D6: =D4*1350 -> 120935.43 | E6: =E4*1350 -> 155488.41 | F6: =F4*1350 -> 172764.9
A8: 🔥 사용 강도 시나리오 (활성 유저 비율 70% 고정, 호출량 변동)
A9: 시나리오 | B9: 호출량 배수 | C9: Sonnet 총 | D9: Haiku 총 | E9: Mixed 총
A10: 저강도 (가볍게 쓰는 유저 위주) | B10: 0.5 | C10: =SUM(시나리오!B23:B26)*B10 -> 66.8745 | D10: =SUM(시나리오!C23:C26)*B10 -> 34.8579 | E10: =SUM(시나리오!D23:D26)*B10 -> 44.7909
A11: 기본 (가정값) | B11: 1 | C11: =SUM(시나리오!B23:B26)*B11 -> 133.749 | D11: =SUM(시나리오!C23:C26)*B11 -> 69.7158 | E11: =SUM(시나리오!D23:D26)*B11 -> 89.5818
A12: 고강도 (하드코어 유저 많음) | B12: 1.5 | C12: =SUM(시나리오!B23:B26)*B12 -> 200.6235 | D12: =SUM(시나리오!C23:C26)*B12 -> 104.5737 | E12: =SUM(시나리오!D23:D26)*B12 -> 134.3727
A13: 초고강도 (매일 쓰는 유저) | B13: 2 | C13: =SUM(시나리오!B23:B26)*B13 -> 267.498 | D13: =SUM(시나리오!C23:C26)*B13 -> 139.4316 | E13: =SUM(시나리오!D23:D26)*B13 -> 179.1636
