Workbook

Sheet 대시보드
A1: 📊 아바타 Q&A 배틀 — 운영 비용 대시보드
A2: 권장 시나리오: 500명 정식 런칭 × 주1회 배틀 + 분기 시즌 선물 TOP10 (알라딘 50% 협찬)
A4: 🎯 권장 시나리오 (500명 · 주1회)
A5: 월 LLM 비용 | B5: =전체비용!C4 -> 8289
A6: 월 Firestore 비용 | B6: =전체비용!C5+전체비용!C6 -> 14.363657
A7: 월 시즌선물 비용 | B7: =전체비용!C7 -> 16250
A8: ━━ 월 운영비 합계 ━━ | B8: =전체비용!C8 -> 24553.364
A9: 연 운영비 | B9: =B8*12 -> 294640.36
A10: 인당 월비용 | B10: =B8/500 -> 49.106727
A12: 📈 시나리오별 월 운영비
A13: 100명 · 주1회 | B13: =전체비용!B8 -> 17910.673
A14: 500명 · 주1회 | B14: =전체비용!C8 -> 24553.364
A15: 500명 · 일1회 | B15: =전체비용!D8 -> 78504.167
A16: 5,000명 · 주1회 | B16: =전체비용!E8 -> 99283.637
A17: 5,000명 · 일1회 | B17: =전체비용!F8 -> 638791.67
A19: 🛠 일회성 초기 비용
A20: 사전 Q&A풀 생성 (카탈로그 1,000권) | B20: =LLM비용!B13 -> 10057.5
A22: 🎁 시즌 선물 경제성 (분기당)
A23: 시즌당 선물 총비용 (100% 자비) | B23: =전제조건!$B$32*전제조건!$B$33 -> 150000
A24: 시즌당 선물 비용 (도매+협찬 적용) | B24: =전제조건!$B$32*전제조건!$B$33*(1-전제조건!$B$34)*(1-전제조건!$B$35) -> 48750
A25: 신규 유저 1명당 마케팅 가치 대비 (CAC 기준)
A27: 💡 핵심 시사점
A28: • 배틀을 주1회로 제한하면 500명 기준 월 수만원 수준 — 초기 단계 충분히 감당 가능
A29: • 배틀을 일1회로 풀면 LLM 비용만 7.5배 증가 — 유료 구독자 전용 혜택으로 차별화 권장
A30: • Gemini 2.5 Flash 로 모델 교체 시 LLM 비용 약 1/4 로 축소 (전제조건 B11=2 변경)
A31: • 알라딘 50% 협찬 가정 시 TOP10 분기 선물 ≈ 월 16,250원 — 강력한 리텐션 장치 대비 저렴
A32: • 분기 TOP10 리스트 공개 자체가 마케팅 자산 (부모 커뮤니티·SNS 바이럴)
A33: • 사전 Q&A풀 생성으로 매 배틀마다 책 전문 토큰 주입 불필요 — 비용 구조 예측 가능
A34: • 500명 → 5,000명 확장 시 선물 수도 TOP50 수준으로 늘려야 바이럴 효과 유지

Sheet 전제조건
A1: BookQuest 아바타 Q&A 배틀 — 운영 비용 모델 (전제조건)
A2: 지식 기반 Q&A 배틀 + 리플레이 + 분기 시즌 TOP10 도서 선물 (알라딘 파트너십)
A4: 1. LLM 단가 (Anthropic Claude / Google Gemini)
A5: 환율 (원/USD) | B5: 1350 | C5: 원/$ | D5: 2026년 기준
A6: Claude Haiku 4.5 입력 단가 | B6: 1 | C6: $/1M토큰 | D6: 공식 API
A7: Claude Haiku 4.5 출력 단가 | B7: 5 | C7: $/1M토큰 | D7: 공식 API
A8: Gemini 2.5 Flash 입력 단가 | B8: 0.3 | C8: $/1M토큰 | D8: 대안 모델
A9: Gemini 2.5 Flash 출력 단가 | B9: 2.5 | C9: $/1M토큰 | D9: 대안 모델
A10: 사용 모델 (1=Haiku, 2=Gemini) | B10: 2 | D10: 기본 Gemini 2.5 Flash (AI코치에서 검증된 저비용 모델). 1→Haiku 전환 가능
A12: 2. 토큰 사용량
A13: 사전 Q&A풀 생성 — 입력 (책당) | B13: 4000 | C13: 토큰 | D13: 책 요약+메타 주입
A14: 사전 Q&A풀 생성 — 출력 (책당) | B14: 2500 | C14: 토큰 | D14: 5개 Q&A × 500토큰
A15: 카탈로그 책 수 | B15: 1000 | C15: 권 | D15: 1년차 커버리지 예상
A16: 배틀당 — 상대 답변 생성 입력 | B16: 800 | C16: 토큰 | D16: 질문+상대 책 컨텍스트
A17: 배틀당 — 상대 답변 생성 출력 | B17: 400 | C17: 토큰 | D17: 3라운드 답변
A18: 배틀당 — 답변 판정 입력 | B18: 600 | C18: 토큰 | D18: 정답+제출답+기준
A19: 배틀당 — 답변 판정 출력 | B19: 200 | C19: 토큰 | D19: 판정+코멘트
A20: 배틀당 — 내레이션 생성 입력 | B20: 500 | C20: 토큰 | D20: 전투 결과 요약
A21: 배틀당 — 내레이션 생성 출력 | B21: 400 | C21: 토큰 | D21: 중계 멘트
A23: 3. Firestore 스토리지
A24: 리플레이 JSON 크기 (평균) | B24: 8 | C24: KB | D24: Q+답+판정+내레이션×3R
A25: 리플레이 보존 기간 | B25: 90 | C25: 일 | D25: 분기제 유지
A26: Firestore 저장 단가 | B26: 0.18 | C26: $/GB/월 | D26: 공식 가격
A27: Firestore 읽기 단가 | B27: 0.06 | C27: $/10만건 | D27: 공식 가격
A28: 유저당 월평균 리플레이 조회 | B28: 8 | C28: 건 | D28: 자기+타인 포함
A30: 4. 시즌 선물 (알라딘 도서)
A31: 시즌 길이 | B31: 3 | C31: 개월 | D31: 분기제
A32: 시즌당 선물 받는 랭커 수 | B32: 10 | C32: 명 | D32: TOP 10
A33: 평균 도서 소매가 | B33: 15000 | C33: 원 | D33: 아동도서 평균
A34: 알라딘 도매 할인율 | B34: 0.35 | D34: 소매가의 35% 할인
A35: 알라딘 협찬 비율 | B35: 0.5 | D35: 파트너십 50% 협찬
A37: 5. 유료화 가정 (손익 참조용)
A38: 무료→유료 전환율 | B38: 0.05 | D38: 업계 평균 3~7%
A39: 월 구독료 | B39: 4900 | C39: 원 | D39: 아동 교육앱 표준가
A40: 결제 수수료 | B40: 0.3 | D40: 앱스토어 30%

Sheet LLM비용
A1: LLM 운영 비용 — 유저 규모 × 배틀 빈도
A3: A. 선택 모델 단가 & 배틀당 토큰 집계
A4: 입력 단가 ($/1M토큰) | B4: =IF(전제조건!$B$10=1,전제조건!$B$6,전제조건!$B$8) -> 0.3
A5: 출력 단가 ($/1M토큰) | B5: =IF(전제조건!$B$10=1,전제조건!$B$7,전제조건!$B$9) -> 2.5
A6: 배틀당 입력 토큰 합계 | B6: =전제조건!$B$16+전제조건!$B$18+전제조건!$B$20 -> 1900
A7: 배틀당 출력 토큰 합계 | B7: =전제조건!$B$17+전제조건!$B$19+전제조건!$B$21 -> 1000
A8: 배틀당 LLM 비용 (USD) | B8: =(B4*B6/1000000)+(B5*B7/1000000) -> 0.00307
A9: 배틀당 LLM 비용 (원) | B9: =B8*전제조건!$B$5 -> 4.1445
A11: B. 사전 Q&A풀 생성 (일회성)
A12: 카탈로그 전체 사전 생성 비용 (USD) | B12: =(B4*전제조건!$B$13/1000000 + B5*전제조건!$B$14/1000000)*전제조건!$B$15 -> 7.45
A13: 카탈로그 전체 사전 생성 비용 (원) | B13: =B12*전제조건!$B$5 -> 10057.5
A15: C. 월 LLM 운영 비용 매트릭스 (원)
A16: 유저 수 \ 빈도 | B16: 일 1회 (30/월) | C16: 3일 1회 (10/월) | D16: 주 1회 (4/월) | E16: 격주 1회 (2/월) | F16: 월 1회
A17: 100 | B17: =$A17*30*$B$9 -> 12433.5 | C17: =$A17*10*$B$9 -> 4144.5 | D17: =$A17*4*$B$9 -> 1657.8 | E17: =$A17*2*$B$9 -> 828.9 | F17: =$A17*1*$B$9 -> 414.45
A18: 500 | B18: =$A18*30*$B$9 -> 62167.5 | C18: =$A18*10*$B$9 -> 20722.5 | D18: =$A18*4*$B$9 -> 8289 | E18: =$A18*2*$B$9 -> 4144.5 | F18: =$A18*1*$B$9 -> 2072.25
A19: 1000 | B19: =$A19*30*$B$9 -> 124335 | C19: =$A19*10*$B$9 -> 41445 | D19: =$A19*4*$B$9 -> 16578 | E19: =$A19*2*$B$9 -> 8289 | F19: =$A19*1*$B$9 -> 4144.5
A20: 3000 | B20: =$A20*30*$B$9 -> 373005 | C20: =$A20*10*$B$9 -> 124335 | D20: =$A20*4*$B$9 -> 49734 | E20: =$A20*2*$B$9 -> 24867 | F20: =$A20*1*$B$9 -> 12433.5
A21: 5000 | B21: =$A21*30*$B$9 -> 621675 | C21: =$A21*10*$B$9 -> 207225 | D21: =$A21*4*$B$9 -> 82890 | E21: =$A21*2*$B$9 -> 41445 | F21: =$A21*1*$B$9 -> 20722.5
A22: 10000 | B22: =$A22*30*$B$9 -> 1243350 | C22: =$A22*10*$B$9 -> 414450 | D22: =$A22*4*$B$9 -> 165780 | E22: =$A22*2*$B$9 -> 82890 | F22: =$A22*1*$B$9 -> 41445
A24: ※ 노란 박스(A열) 유저 수를 바꾸면 전체 자동 재계산
A25: ※ '전제조건' 시트 사용 모델(1=Haiku, 2=Gemini)을 바꾸면 전체 LLM 비용이 즉시 전환
A26: ※ 배틀 1회당 토큰 = 입력 1,900 + 출력 1,000 (상대 답변 + 판정 + 내레이션)

Sheet 전체비용
A1: 전체 월 운영 비용 — 주요 시나리오 비교
A3: 항목 | B3: 100명 · 주1회 | C3: 500명 · 주1회 | D3: 500명 · 일1회 | E3: 5,000명 · 주1회 | F3: 5,000명 · 일1회
A4: LLM 비용 (월) | B4: =100*4*LLM비용!$B$9 -> 1657.8 | C4: =500*4*LLM비용!$B$9 -> 8289 | D4: =500*30*LLM비용!$B$9 -> 62167.5 | E4: =5000*4*LLM비용!$B$9 -> 82890 | F4: =5000*30*LLM비용!$B$9 -> 621675
A5: Firestore 저장 (월) | B5: =(100*4*전제조건!$B$24*전제조건!$B$25/30/1048576)*전제조건!$B$26*전제조건!$B$5 -> 2.2247314 | C5: =(500*4*전제조건!$B$24*전제조건!$B$25/30/1048576)*전제조건!$B$26*전제조건!$B$5 -> 11.123657 | D5: =(500*30*전제조건!$B$24*전제조건!$B$25/30/1048576)*전제조건!$B$26*전제조건!$B$5 -> 83.427429 | E5: =(5000*4*전제조건!$B$24*전제조건!$B$25/30/1048576)*전제조건!$B$26*전제조건!$B$5 -> 111.23657 | F5: =(5000*30*전제조건!$B$24*전제조건!$B$25/30/1048576)*전제조건!$B$26*전제조건!$B$5 -> 834.27429
A6: Firestore 읽기 (월) | B6: =(100*전제조건!$B$28/100000)*전제조건!$B$27*전제조건!$B$5 -> 0.648 | C6: =(500*전제조건!$B$28/100000)*전제조건!$B$27*전제조건!$B$5 -> 3.24 | D6: =(500*전제조건!$B$28/100000)*전제조건!$B$27*전제조건!$B$5 -> 3.24 | E6: =(5000*전제조건!$B$28/100000)*전제조건!$B$27*전제조건!$B$5 -> 32.4 | F6: =(5000*전제조건!$B$28/100000)*전제조건!$B$27*전제조건!$B$5 -> 32.4
A7: 시즌 선물 (월 분할) | B7: =(전제조건!$B$32*전제조건!$B$33*(1-전제조건!$B$34)*(1-전제조건!$B$35))/전제조건!$B$31 -> 16250 | C7: =(전제조건!$B$32*전제조건!$B$33*(1-전제조건!$B$34)*(1-전제조건!$B$35))/전제조건!$B$31 -> 16250 | D7: =(전제조건!$B$32*전제조건!$B$33*(1-전제조건!$B$34)*(1-전제조건!$B$35))/전제조건!$B$31 -> 16250 | E7: =(전제조건!$B$32*전제조건!$B$33*(1-전제조건!$B$34)*(1-전제조건!$B$35))/전제조건!$B$31 -> 16250 | F7: =(전제조건!$B$32*전제조건!$B$33*(1-전제조건!$B$34)*(1-전제조건!$B$35))/전제조건!$B$31 -> 16250
A8: 월 운영비용 합계 | B8: =SUM(B4:B7) -> 17910.673 | C8: =SUM(C4:C7) -> 24553.364 | D8: =SUM(D4:D7) -> 78504.167 | E8: =SUM(E4:E7) -> 99283.637 | F8: =SUM(F4:F7) -> 638791.67
A10: 인당 월비용 | B10: =B8/100 -> 179.10673 | C10: =C8/500 -> 49.106727 | D10: =D8/500 -> 157.00833 | E10: =E8/5000 -> 19.856727 | F10: =F8/5000 -> 127.75833
A11: 연간 운영비용 | B11: =B8*12 -> 214928.07 | C11: =C8*12 -> 294640.36 | D11: =D8*12 -> 942050.01 | E11: =E8*12 -> 1191403.6 | F11: =F8*12 -> 7665500.1
A13: — 유료화 참고 —
A14: 유료 유저 수 | B14: =100*전제조건!$B$38 -> 5 | C14: =500*전제조건!$B$38 -> 25 | D14: =500*전제조건!$B$38 -> 25 | E14: =5000*전제조건!$B$38 -> 250 | F14: =5000*전제조건!$B$38 -> 250
A15: 월 매출 (유료 × 구독료 × (1-수수료)) | B15: =B14*전제조건!$B$39*(1-전제조건!$B$40) -> 17150 | C15: =C14*전제조건!$B$39*(1-전제조건!$B$40) -> 85750 | D15: =D14*전제조건!$B$39*(1-전제조건!$B$40) -> 85750 | E15: =E14*전제조건!$B$39*(1-전제조건!$B$40) -> 857500 | F15: =F14*전제조건!$B$39*(1-전제조건!$B$40) -> 857500
A16: 월 순손익 (배틀 운영비만 반영) | B16: =B15-B8 -> -760.67273 | C16: =C15-C8 -> 61196.636 | D16: =D15-D8 -> 7245.8326 | E16: =E15-E8 -> 758216.36 | F16: =F15-F8 -> 218708.33
A18: ※ 손익은 배틀 관련 비용만 반영 — 서버/인프라/인건비/마케팅 별도
A19: ※ 알라딘 협찬 비율(전제조건!B) 을 100%로 바꾸면 시즌 선물 비용 = 0
A20: ※ 유저수 늘어도 배틀 빈도를 주1회로 제한하면 인당 월비용은 일정하게 유지
